"source","term_name","term_id","highlighted","adjusted_p_value","negative_log10_of_adjusted_p_value","term_size","query_size","intersection_size","effective_domain_size","intersections"
"TF","Factor: REX1; motif: AANATGGCKGCN","TF:M01744","false","0.017580896084743766","1.754958993042585","635","3","3","20045","ENSG00000116560,ENSG00000136930,ENSG00000175221"
"MIRNA","hsa-miR-6508-3p","MIRNA:hsa-miR-6508-3p","false","0.02651030789189292","1.5765852283222206","73","3","2","14819","ENSG00000116560,ENSG00000175221"
"HPA","skin 1; cells in spinous layer[High]","HPA:0461413","false","0.02225797323543489","1.6525143841495895","207","2","2","11019","ENSG00000116560,ENSG00000136930"
"HPA","skin 1; langerhans cells[High]","HPA:0461463","false","0.02469245536971727","1.607435722522526","218","2","2","11019","ENSG00000116560,ENSG00000136930"
"HPA","skin 2; vascular mural cells[≥Low]","HPA:0471491","false","0.02994037204597693","1.523742807315916","240","2","2","11019","ENSG00000116560,ENSG00000136930"
"HPA","skin 1; vascular mural cells[≥Low]","HPA:0461491","false","0.030442510084823328","1.51651954142036","242","2","2","11019","ENSG00000116560,ENSG00000136930"
"HPA","skin 1; cells in granular layer[High]","HPA:0460183","false","0.03197397890600351","1.4952033158897782","248","2","2","11019","ENSG00000116560,ENSG00000136930"
"HPA","skin 2; cells in granular layer[High]","HPA:0470183","false","0.03197397890600351","1.4952033158897782","248","2","2","11019","ENSG00000116560,ENSG00000136930"
"HPA","skin 2; cells in spinous layer[High]","HPA:0471413","false","0.03197397890600351","1.4952033158897782","248","2","2","11019","ENSG00000116560,ENSG00000136930"
"HPA","skin 2; langerhans cells[High]","HPA:0471463","false","0.03679387771131291","1.434224439407786","266","2","2","11019","ENSG00000116560,ENSG00000136930"
"HPA","skin 1; hair follicles[≥Medium]","HPA:0461452","false","0.04465792313050204","1.3501014781731329","293","2","2","11019","ENSG00000116560,ENSG00000136930"
